{"cameraMode":{"drawMode":0,"name":"Shaded","section":"Shading Mode"},"sceneLighting":true,"audioPlay":false,"sceneViewState":{"showFog":true,"showMaterialUpdate":true,"showSkybox":true,"showFlares":true,"showImageEffects":true,"showParticleSystems":true},"in2DMode":false,"pivot":{"x":511.4348449707031,"y":2.1606717109680177,"z":550.5213012695313},"rotation":{"x":-0.0743265375494957,"y":-0.8679788708686829,"z":0.1367867887020111,"w":-0.47159716486930849},"size":23.0338191986084,"orthographic":false}