{"cameraMode":{"drawMode":0,"name":"Shaded","section":"Shading Mode"},"sceneLighting":false,"audioPlay":false,"sceneViewState":{"showFog":true,"showMaterialUpdate":true,"showSkybox":false,"showFlares":true,"showImageEffects":true,"showParticleSystems":true},"in2DMode":false,"pivot":{"x":-109.435302734375,"y":1587.0860595703125,"z":-147.35977172851563},"rotation":{"x":-0.012292828410863877,"y":-0.9877694249153137,"z":0.10709596425294876,"w":-0.11339077353477478},"size":7997.2490234375,"orthographic":false}