{"cameraMode":{"drawMode":0,"name":"Shaded","section":"Shading Mode"},"sceneLighting":true,"audioPlay":false,"sceneViewState":{"showFog":true,"showMaterialUpdate":true,"showSkybox":true,"showFlares":true,"showImageEffects":true,"showParticleSystems":true},"in2DMode":false,"pivot":{"x":558.166015625,"y":253.02162170410157,"z":-14.513934135437012},"rotation":{"x":-0.04439666122198105,"y":0.0008218392031267285,"z":0.00011084060679422691,"w":-0.9990881681442261},"size":727.3424072265625,"orthographic":true}