{"cameraMode":{"drawMode":0,"name":"Shaded","section":"Shading Mode"},"sceneLighting":true,"audioPlay":false,"sceneViewState":{"showFog":true,"showMaterialUpdate":true,"showSkybox":true,"showFlares":true,"showImageEffects":true,"showParticleSystems":true},"in2DMode":false,"pivot":{"x":100.32948303222656,"y":0.8714461326599121,"z":84.38587951660156},"rotation":{"x":0.08252950757741928,"y":0.06721985340118408,"z":-0.005642772652208805,"w":0.9943655133247376},"size":12.316568374633789,"orthographic":false}