{"cameraMode":{"drawMode":0,"name":"Shaded","section":"Shading Mode"},"sceneLighting":false,"audioPlay":false,"sceneViewState":{"showFog":true,"showMaterialUpdate":true,"showSkybox":false,"showFlares":true,"showImageEffects":true,"showParticleSystems":true},"in2DMode":false,"pivot":{"x":-28.790266036987306,"y":14.277425765991211,"z":1.8422865867614747},"rotation":{"x":-0.01087897177785635,"y":-0.9883139729499817,"z":0.08470828831195831,"w":-0.1270018070936203},"size":18.65467643737793,"orthographic":false}