{"cameraMode":{"drawMode":0,"name":"Shaded","section":"Shading Mode"},"sceneLighting":true,"audioPlay":false,"sceneViewState":{"showFog":true,"showMaterialUpdate":true,"showSkybox":true,"showFlares":true,"showImageEffects":true,"showParticleSystems":true},"in2DMode":false,"pivot":{"x":-13.699999809265137,"y":1.8499999046325684,"z":102.19999694824219},"rotation":{"x":0.010179415345191956,"y":-0.9873095750808716,"z":0.0697147399187088,"w":0.14349184930324555},"size":5.877630233764648,"orthographic":false}